"ID","logFC","P.Value","WT","HG","Octyl","Mut"
"RXRA",0.728615242060844,0.00874032131437021,6.84657359567339,7.57518883773424,7.57885613495495,7.29706194281812
"CEBPB",0.408433834957494,0.0115616042890271,6.35573031394685,6.76416414890434,6.78048203056361,6.29938344903083
"CPT2",0.266343642795872,0.03821263329222,7.94562547296479,8.21196911576066,8.16027080199954,8.04674660412928
"CPT1C",0.185922690431153,0.248727373298433,5.62325375638768,5.80917644681883,5.82759590040337,5.63756169342162
"FTO",-0.125199549845206,0.344557067007262,8.47625633742448,8.35105678757927,8.3194896152272,8.29321221710185
"PPARA",-0.0964441521306245,0.437769007999401,6.16234973821404,6.06590558608341,6.32219427370982,6.30661511985199
"CPT1A",0.36734958988011,0.588887941794561,7.4437071766399,7.81105676652001,7.59365498374423,8.97389627291173
"SLC25A20",0.0712669284455369,0.607372482687037,7.55005908458246,7.621326013028,7.43878162245401,7.41723593380653
"MEF2C",-0.0815065384198039,0.624328245553978,5.34946165373201,5.26795511531221,5.57615313644799,5.48567727311865
"CEBPA",0.232664726988201,0.631121963150024,7.80872321709599,8.04138794408419,8.06081737489197,8.770040062078
