"ID","logFC","P.Value","WT","HG","Octyl","Mut"
"RXRA",0.73228253928156,0.00848948685779217,6.84657359567339,7.57518883773424,7.57885613495495,7.29706194281812
"CEBPB",0.424751716616766,0.00927706923555398,6.35573031394685,6.76416414890434,6.78048203056361,6.29938344903083
"CPT2",0.214645329034755,0.0850442259783313,7.94562547296479,8.21196911576066,8.16027080199954,8.04674660412928
"MEF2C",0.226691482715983,0.187640176918321,5.34946165373201,5.26795511531221,5.57615313644799,5.48567727311865
"CPT1C",0.204342144015696,0.207514453414099,5.62325375638768,5.80917644681883,5.82759590040337,5.63756169342162
"PPARA",0.159844535495784,0.20826964394246,6.16234973821404,6.06590558608341,6.32219427370982,6.30661511985199
"FTO",-0.156766722197277,0.241593701165702,8.47625633742448,8.35105678757927,8.3194896152272,8.29321221710185
"SLC25A20",-0.111277462128454,0.426146321467953,7.55005908458246,7.621326013028,7.43878162245401,7.41723593380653
"CEBPA",0.252094157795973,0.603208517249445,7.80872321709599,8.04138794408419,8.06081737489197,8.770040062078
"CPT1A",0.14994780710433,0.824482906449681,7.4437071766399,7.81105676652001,7.59365498374423,8.97389627291173
