"ID","logFC","P.Value","WT","HG","Octyl","Mut"
"CEBPB",-0.464780699873507,0.00541424932840665,6.35573031394685,6.76416414890434,6.78048203056361,6.29938344903083
"PPARA",0.240709533768576,0.0684677697780113,6.16234973821404,6.06590558608341,6.32219427370982,6.30661511985199
"CPT1A",1.16283950639171,0.104472628019807,7.4437071766399,7.81105676652001,7.59365498374423,8.97389627291173
"CEBPA",0.728652117993809,0.149005205337923,7.80872321709599,8.04138794408419,8.06081737489197,8.770040062078
"SLC25A20",-0.204090079221473,0.156879745074434,7.55005908458246,7.621326013028,7.43878162245401,7.41723593380653
"CPT2",-0.165222511631377,0.173973977662206,7.94562547296479,8.21196911576066,8.16027080199954,8.04674660412928
"MEF2C",0.217722157806445,0.204432059906284,5.34946165373201,5.26795511531221,5.57615313644799,5.48567727311865
"RXRA",-0.278126894916114,0.254804231557835,6.84657359567339,7.57518883773424,7.57885613495495,7.29706194281812
"CPT1C",-0.171614753397208,0.285010454579143,5.62325375638768,5.80917644681883,5.82759590040337,5.63756169342162
"FTO",-0.0578445704774211,0.657433254213312,8.47625633742448,8.35105678757927,8.3194896152272,8.29321221710185
