"ID","logFC","P.Value","WT","HG","Octyl","Mut"
"PPARA",0.256288687626409,0.054475023369407,6.16234973821404,6.06590558608341,6.32219427370982,6.30661511985199
"MEF2C",0.308198021135787,0.0818945406867417,5.34946165373201,5.26795511531221,5.57615313644799,5.48567727311865
"SLC25A20",-0.182544390573991,0.201652735783465,7.55005908458246,7.621326013028,7.43878162245401,7.41723593380653
"CPT2",-0.0516983137611167,0.658992239750578,7.94562547296479,8.21196911576066,8.16027080199954,8.04674660412928
"CPT1A",-0.21740178277578,0.74808001536304,7.4437071766399,7.81105676652001,7.59365498374423,8.97389627291173
"FTO",-0.0315671723520712,0.808208163252171,8.47625633742448,8.35105678757927,8.3194896152272,8.29321221710185
"CPT1C",0.018419453584543,0.906349768983304,5.62325375638768,5.80917644681883,5.82759590040337,5.63756169342162
"CEBPB",0.0163178816592717,0.907107862992171,6.35573031394685,6.76416414890434,6.78048203056361,6.29938344903083
"CEBPA",0.0194294308077723,0.967855551875242,7.80872321709599,8.04138794408419,8.06081737489197,8.770040062078
"RXRA",0.00366729722071568,0.987672112200586,6.84657359567339,7.57518883773424,7.57885613495495,7.29706194281812
