"ID","logFC","P.Value","WT","HG","Octyl","Mut"
"CPT1A",1.53018909627182,0.0394716391773031,7.4437071766399,7.81105676652001,7.59365498374423,8.97389627291173
"CEBPA",0.96131684498201,0.0647228822413242,7.80872321709599,8.04138794408419,8.06081737489197,8.770040062078
"RXRA",0.45048834714473,0.0767819867038693,6.84657359567339,7.57518883773424,7.57885613495495,7.29706194281812
"FTO",-0.183044120322627,0.175961188729612,8.47625633742448,8.35105678757927,8.3194896152272,8.29321221710185
"PPARA",0.144265381637951,0.25314128698799,6.16234973821404,6.06590558608341,6.32219427370982,6.30661511985199
"SLC25A20",-0.132823150775936,0.344930023796794,7.55005908458246,7.621326013028,7.43878162245401,7.41723593380653
"CPT2",0.101121131164494,0.39359647045208,7.94562547296479,8.21196911576066,8.16027080199954,8.04674660412928
"MEF2C",0.136215619386641,0.41739631621821,5.34946165373201,5.26795511531221,5.57615313644799,5.48567727311865
"CEBPB",-0.056346864916013,0.687957408744647,6.35573031394685,6.76416414890434,6.78048203056361,6.29938344903083
"CPT1C",0.0143079370339452,0.927178796558233,5.62325375638768,5.80917644681883,5.82759590040337,5.63756169342162
